handle,item_code,category,name,fob_usd,landed_thb,retail_thb,retail_usd,retail_eur,source_pricelist
designpark-5w092-58a16a21-00,5W092-58A16A21-00,Slides & Tubes,PE SINGLE SLIDE 900,375.0,19836.59,30517.83,916.7,788.5,2024-03-27 Design Park Pricelist D'Park Price List (USD-2024).xlsx:Slides & Tubes:row5
designpark-5w093-58a16a21-00,5W093-58A16A21-00,Slides & Tubes,PE DOUBLE SLIDE 1200,575.0,30416.11,46794.02,1405.61,1209.03,2024-03-27 Design Park Pricelist D'Park Price List (USD-2024).xlsx:Slides & Tubes:row6
designpark-5p091-58a12a14-00,5P091-58A12A14-00,Slides & Tubes,FRP OPEN SLIDE 600,815.0,43111.52,66325.42,1992.3,1713.67,2024-03-27 Design Park Pricelist D'Park Price List (USD-2024).xlsx:Slides & Tubes:row7
designpark-5p091-58b12a14-00,5P091-58B12A14-00,Slides & Tubes,FRP OPEN SLIDE 900,925.0,48930.25,75277.31,2261.2,1944.96,2024-03-27 Design Park Pricelist D'Park Price List (USD-2024).xlsx:Slides & Tubes:row8
designpark-5p091-58c12a14-00,5P091-58C12A14-00,Slides & Tubes,FRP OPEN SLIDE 1200,1265.0,66915.42,102946.8,3092.34,2659.86,2024-03-27 Design Park Pricelist D'Park Price List (USD-2024).xlsx:Slides & Tubes:row9
designpark-5p091-58d12a14-00,5P091-58D12A14-00,Slides & Tubes,FRP OPEN SLIDE 1500,1500.0,79346.36,122071.32,3666.81,3153.99,2024-03-27 Design Park Pricelist D'Park Price List (USD-2024).xlsx:Slides & Tubes:row10
designpark-5p091-58e12a14-00,5P091-58E12A14-00,Slides & Tubes,FRP OPEN SLIDE 1800,2070.0,109497.98,168458.43,5060.19,4352.5,2024-03-27 Design Park Pricelist D'Park Price List (USD-2024).xlsx:Slides & Tubes:row11
designpark-5p090-58f00a00-00,5P090-58F00A00-00,Slides & Tubes,PE TUBE EXIT,235.0,12430.93,19124.51,574.47,494.12,2024-03-27 Design Park Pricelist D'Park Price List (USD-2024).xlsx:Slides & Tubes:row12
designpark-5p090-58a30a00-00,5P090-58A30A00-00,Slides & Tubes,PE CURVED TUBE 30 DEGREE,100.0,5289.76,8138.09,244.45,210.27,2024-03-27 Design Park Pricelist D'Park Price List (USD-2024).xlsx:Slides & Tubes:row13
designpark-5p090-58a90a00-00,5P090-58A90A00-00,Slides & Tubes,PE CURVED TUBE 90 DEGREE,145.0,7670.15,11800.23,354.46,304.89,2024-03-27 Design Park Pricelist D'Park Price List (USD-2024).xlsx:Slides & Tubes:row14
designpark-5p090-58b0300a-00,5P090-58B0300A-00,Slides & Tubes,PE STRAIGHT TUBE SLIDE 300,90.0,4760.77,7324.26,220.01,189.24,2024-03-27 Design Park Pricelist D'Park Price List (USD-2024).xlsx:Slides & Tubes:row15
designpark-5p090-58b0600a-00,5P090-58B0600A-00,Slides & Tubes,PE STRAIGHT TUBE SLIDE 600,110.0,5818.73,8951.89,268.9,231.29,2024-03-27 Design Park Pricelist D'Park Price List (USD-2024).xlsx:Slides & Tubes:row16
designpark-5p090-58b1000a-00,5P090-58B1000A-00,Slides & Tubes,PE STRAIGHT TUBE SLIDE 1000,145.0,7670.15,11800.23,354.46,304.89,2024-03-27 Design Park Pricelist D'Park Price List (USD-2024).xlsx:Slides & Tubes:row17
designpark-3p090-40b0300a-00,3P090-40B0300A-00,Slides & Tubes,PC CLEAR + FRP TUBE SLIDE 300,455.0,24068.4,37028.31,1112.27,956.71,2024-03-27 Design Park Pricelist D'Park Price List (USD-2024).xlsx:Slides & Tubes:row18
designpark-3p090-40b0600a-00,3P090-40B0600A-00,Slides & Tubes,PC CLEAR + FRP TUBE SLIDE 600,650.0,34383.42,52897.57,1588.95,1366.73,2024-03-27 Design Park Pricelist D'Park Price List (USD-2024).xlsx:Slides & Tubes:row19
designpark-3p090-40b1000a-00,3P090-40B1000A-00,Slides & Tubes,PC CLEAR + FRP TUBE SLIDE 1000,810.0,42847.04,65918.52,1980.08,1703.15,2024-03-27 Design Park Pricelist D'Park Price List (USD-2024).xlsx:Slides & Tubes:row20
designpark-ptm12-01,PTM12-01,Fitness (Premium),Upright Cycle,2820.0,149171.17,229494.11,6893.6,5929.5,2024-03-27 Design Park Pricelist D'Park Price List (USD-2024).xlsx:Fitness (Premium):row5
designpark-ptm12-02,PTM12-02,Fitness (Premium),Recumbent Cycle,2930.0,154989.9,238446.0,7162.5,6160.79,2024-03-27 Design Park Pricelist D'Park Price List (USD-2024).xlsx:Fitness (Premium):row6
designpark-ptm12-03,PTM12-03,Fitness (Premium),Pull Weight,3300.0,174562.0,268556.92,8066.98,6938.77,2024-03-27 Design Park Pricelist D'Park Price List (USD-2024).xlsx:Fitness (Premium):row7
designpark-ptm12-04,PTM12-04,Fitness (Premium),Rope Pulling,1920.0,101563.34,156251.29,4693.51,4037.1,2024-03-27 Design Park Pricelist D'Park Price List (USD-2024).xlsx:Fitness (Premium):row8
designpark-ptm12-05,PTM12-05,Fitness (Premium),Rolling Waist,2050.0,108440.04,166830.83,5011.3,4310.45,2024-03-27 Design Park Pricelist D'Park Price List (USD-2024).xlsx:Fitness (Premium):row9
designpark-ptm12-06,PTM12-06,Fitness (Premium),Cross Country,2830.0,149700.14,230307.91,6918.04,5950.52,2024-03-27 Design Park Pricelist D'Park Price List (USD-2024).xlsx:Fitness (Premium):row10
designpark-ptm12-07,PTM12-07,Fitness (Premium),Step Cycle,4140.0,218995.96,336916.86,10120.39,8705.01,2024-03-27 Design Park Pricelist D'Park Price List (USD-2024).xlsx:Fitness (Premium):row11
designpark-ptm12-08,PTM12-08,Fitness (Premium),Leg Press,1880.0,99447.44,152996.06,4595.73,3953.0,2024-03-27 Design Park Pricelist D'Park Price List (USD-2024).xlsx:Fitness (Premium):row12
designpark-ptm12-09,PTM12-09,Fitness (Premium),Chair Weight,3220.0,170330.19,262046.45,7871.41,6770.56,2024-03-27 Design Park Pricelist D'Park Price List (USD-2024).xlsx:Fitness (Premium):row13
designpark-ptm12-10,PTM12-10,Fitness (Premium),Body Sit-up,2190.0,115845.69,178224.14,5353.54,4604.82,2024-03-27 Design Park Pricelist D'Park Price List (USD-2024).xlsx:Fitness (Premium):row14
designpark-ptm12-11,PTM12-11,Fitness (Premium),Stretching Roller,1680.0,88867.93,136719.89,4106.82,3532.47,2024-03-27 Design Park Pricelist D'Park Price List (USD-2024).xlsx:Fitness (Premium):row15
designpark-ptm12-12,PTM12-12,Fitness (Premium),Twin Arm Warming Up,1900.0,100505.4,154623.69,4644.62,3995.05,2024-03-27 Design Park Pricelist D'Park Price List (USD-2024).xlsx:Fitness (Premium):row16
designpark-ptm12-13,PTM12-13,Fitness (Premium),Twin Twist,1680.0,88867.93,136719.89,4106.82,3532.47,2024-03-27 Design Park Pricelist D'Park Price List (USD-2024).xlsx:Fitness (Premium):row17
designpark-ptm12-14,PTM12-14,Fitness (Premium),Bar Weight,1620.0,85694.07,131837.03,3960.15,3406.31,2024-03-27 Design Park Pricelist D'Park Price List (USD-2024).xlsx:Fitness (Premium):row18
designpark-ptm12-15,PTM12-15,Fitness (Premium),Handle Weight,1280.0,67708.9,104167.54,3129.01,2691.4,2024-03-27 Design Park Pricelist D'Park Price List (USD-2024).xlsx:Fitness (Premium):row19
designpark-ptm12-16,PTM12-16,Fitness (Premium),Arm Warming Up,1650.0,87281.0,134278.46,4033.49,3469.39,2024-03-27 Design Park Pricelist D'Park Price List (USD-2024).xlsx:Fitness (Premium):row20
designpark-utm-06,UTM-06 🆕,Fitness (Universal),Rope Pulling (U)+Over Wheel (U),1925.0,101827.83,156658.2,4705.74,4047.62,2024-03-27 Design Park Pricelist D'Park Price List (USD-2024).xlsx:Fitness (Universal):row5
designpark-utm-07,UTM-07 🆕,Fitness (Universal),Rope Pulling (U)+Hand Cycle (U),2376.0,125684.64,193360.98,5808.22,4995.92,2024-03-27 Design Park Pricelist D'Park Price List (USD-2024).xlsx:Fitness (Universal):row6
designpark-utm-08,UTM-08 🆕,Fitness (Universal),Warming Arm (U)+Twin Arm Warming Up (U),1881.0,99500.34,153077.45,4598.18,3955.1,2024-03-27 Design Park Pricelist D'Park Price List (USD-2024).xlsx:Fitness (Universal):row7
designpark-utm-09,UTM-09 🆕,Fitness (Universal),Pull Weight (U)+Pull Weight (U),2668.0,141130.73,217124.2,6522.03,5609.89,2024-03-27 Design Park Pricelist D'Park Price List (USD-2024).xlsx:Fitness (Universal):row8
designpark-utm-10,UTM-10 🆕,Fitness (Universal),Rope Pulling (U)+Rope Pulling (G),2002.0,105900.95,162924.54,4893.97,4209.52,2024-03-27 Design Park Pricelist D'Park Price List (USD-2024).xlsx:Fitness (Universal):row9
designpark-utm-11,UTM-11 🆕,Fitness (Universal),Warming Arm (U)+Rolling Waist (G),1996.0,105583.57,162436.26,4879.3,4196.91,2024-03-27 Design Park Pricelist D'Park Price List (USD-2024).xlsx:Fitness (Universal):row10
designpark-utm-12,UTM-12 🆕,Fitness (Universal),Twin Arm Warming Up (U)+Cross Country (G),2838.0,150123.32,230958.95,6937.6,5967.35,2024-03-27 Design Park Pricelist D'Park Price List (USD-2024).xlsx:Fitness (Universal):row11
designpark-utm-13,UTM-13 🆕,Fitness (Universal),Hand Cycle (U)+Upright Twist (G),2145.0,113465.29,174561.98,5243.53,4510.2,2024-03-27 Design Park Pricelist D'Park Price List (USD-2024).xlsx:Fitness (Universal):row12
designpark-ef20-101,EF20-101🆕,Fitness (Elderly Trail),Balance Station,5240.0,277183.3,426435.85,12809.38,11017.93,2024-03-27 Design Park Pricelist D'Park Price List (USD-2024).xlsx:Fitness (Elderly Trail):row5
designpark-ef20-102,EF20-102 🆕,Fitness (Elderly Trail),Rope Course Station,6095.0,322410.72,496016.49,14899.46,12815.71,2024-03-27 Design Park Pricelist D'Park Price List (USD-2024).xlsx:Fitness (Elderly Trail):row6
designpark-ef20-103,EF20-103 🆕,Fitness (Elderly Trail),Stair Walk Station,5115.0,270571.1,416263.23,12503.81,10755.1,2024-03-27 Design Park Pricelist D'Park Price List (USD-2024).xlsx:Fitness (Elderly Trail):row7
designpark-ef20-104,EF20-104 🆕,Fitness (Elderly Trail),Warm up Station,6710.0,354942.73,546065.74,16402.85,14108.84,2024-03-27 Design Park Pricelist D'Park Price List (USD-2024).xlsx:Fitness (Elderly Trail):row8
designpark-sc16-01,SC16-01,Fitness (SMART CROSSFIT),T Type,13530.0,715704.19,1101083.37,33074.61,28448.97,2024-03-27 Design Park Pricelist D'Park Price List (USD-2024).xlsx:Fitness (SMART CROSSFIT):row5
designpark-sc16-02,SC16-02,Fitness (SMART CROSSFIT),Honeycomb Type,11396.0,602820.77,927416.57,27857.96,23961.9,2024-03-27 Design Park Pricelist D'Park Price List (USD-2024).xlsx:Fitness (SMART CROSSFIT):row6
designpark-sc16-03,SC16-03,Fitness (SMART CROSSFIT),Square Type,7975.0,421858.17,649012.57,19495.19,16768.7,2024-03-27 Design Park Pricelist D'Park Price List (USD-2024).xlsx:Fitness (SMART CROSSFIT):row7
designpark-sc16-04,SC16-04,Fitness (SMART CROSSFIT),L Type,9142.0,483589.64,743984.06,22347.97,19222.51,2024-03-27 Design Park Pricelist D'Park Price List (USD-2024).xlsx:Fitness (SMART CROSSFIT):row8
designpark-sc16-05,SC16-05,Fitness (SMART CROSSFIT),I Type,7920.0,418948.8,644536.62,19360.74,16653.06,2024-03-27 Design Park Pricelist D'Park Price List (USD-2024).xlsx:Fitness (SMART CROSSFIT):row9
designpark-sm12-01,SM12-01,Fitness (SMART),Upright Twist,650.0,34383.42,52897.57,1588.95,1366.73,2024-03-27 Design Park Pricelist D'Park Price List (USD-2024).xlsx:Fitness (SMART):row5
designpark-sm12-02,SM12-02,Fitness (SMART),Recumbent Twist,715.0,37821.76,58187.32,1747.84,1503.4,2024-03-27 Design Park Pricelist D'Park Price List (USD-2024).xlsx:Fitness (SMART):row6
designpark-sm12-03,SM12-03,Fitness (SMART),Twin Arm Warming Up,870.0,46020.89,70801.37,2126.75,1829.31,2024-03-27 Design Park Pricelist D'Park Price List (USD-2024).xlsx:Fitness (SMART):row7
designpark-sm12-04,SM12-04,Fitness (SMART),Upright Cycle,1200.0,63477.1,97657.08,2933.45,2523.19,2024-03-27 Design Park Pricelist D'Park Price List (USD-2024).xlsx:Fitness (SMART):row8
designpark-sm12-05,SM12-05,Fitness (SMART),Recumbent Cycle,1298.0,68661.04,105632.37,3173.01,2729.25,2024-03-27 Design Park Pricelist D'Park Price List (USD-2024).xlsx:Fitness (SMART):row9
designpark-sm12-06,SM12-06,Fitness (SMART),Hand Cycle,1375.0,72734.16,111898.71,3361.24,2891.16,2024-03-27 Design Park Pricelist D'Park Price List (USD-2024).xlsx:Fitness (SMART):row10
designpark-sm12-07,SM12-07,Fitness (SMART),Rolling Waist,870.0,46020.89,70801.37,2126.75,1829.31,2024-03-27 Design Park Pricelist D'Park Price List (USD-2024).xlsx:Fitness (SMART):row11
designpark-sm12-08,SM12-08,Fitness (SMART),Cross Country,1230.0,65064.01,100098.48,3006.78,2586.27,2024-03-27 Design Park Pricelist D'Park Price List (USD-2024).xlsx:Fitness (SMART):row12
designpark-sm12-09,SM12-09,Fitness (SMART),Step Up,858.0,45386.12,69824.8,2097.41,1804.08,2024-03-27 Design Park Pricelist D'Park Price List (USD-2024).xlsx:Fitness (SMART):row13
designpark-sm12-10,SM12-10,Fitness (SMART),Leg Press,1163.0,61519.89,94645.98,2843.0,2445.39,2024-03-27 Design Park Pricelist D'Park Price List (USD-2024).xlsx:Fitness (SMART):row14
designpark-sm12-11,SM12-11,Fitness (SMART),Pull Weight,1167.0,61731.47,94971.49,2852.78,2453.8,2024-03-27 Design Park Pricelist D'Park Price List (USD-2024).xlsx:Fitness (SMART):row15
designpark-sm12-12,SM12-12,Fitness (SMART),Chair Weight,1199.0,63424.2,97575.69,2931.0,2521.09,2024-03-27 Design Park Pricelist D'Park Price List (USD-2024).xlsx:Fitness (SMART):row16
designpark-sm12-13,SM12-13,Fitness (SMART),Bar Weight,620.0,32796.5,50456.15,1515.61,1303.65,2024-03-27 Design Park Pricelist D'Park Price List (USD-2024).xlsx:Fitness (SMART):row17
designpark-sm12-14,SM12-14,Fitness (SMART),Handle Weight,1243.0,65751.68,101156.43,3038.56,2613.6,2024-03-27 Design Park Pricelist D'Park Price List (USD-2024).xlsx:Fitness (SMART):row18
designpark-sm12-15,SM12-15,Fitness (SMART),Vertical Bench,815.0,43111.52,66325.42,1992.3,1713.67,2024-03-27 Design Park Pricelist D'Park Price List (USD-2024).xlsx:Fitness (SMART):row19
designpark-sm12-16,SM12-16,Fitness (SMART),Body Sit up & Back Extension,1298.0,68661.04,105632.37,3173.01,2729.25,2024-03-27 Design Park Pricelist D'Park Price List (USD-2024).xlsx:Fitness (SMART):row20
designpark-sm12-17,SM12-17,Fitness (SMART),Leg Extension,1018.0,53849.73,82845.74,2488.54,2140.51,2024-03-27 Design Park Pricelist D'Park Price List (USD-2024).xlsx:Fitness (SMART):row21
designpark-sm12-18,SM12-18,Fitness (SMART),Stretching Roller,765.0,40466.65,62256.38,1870.07,1608.53,2024-03-27 Design Park Pricelist D'Park Price List (USD-2024).xlsx:Fitness (SMART):row22
designpark-sm12-e,SM12-E,Fitness (SMART),Elliptical Trainer,1598.0,84530.33,130046.66,3906.37,3360.05,2024-03-27 Design Park Pricelist D'Park Price List (USD-2024).xlsx:Fitness (SMART):row23
designpark-sm12-01-s,SM12-01-S,Fitness (SMART SENIOR) ,Upright Twist,1038.0,54907.68,84473.35,2537.43,2182.56,2024-03-27 Design Park Pricelist D'Park Price List (USD-2024).xlsx:Fitness (SMART SENIOR) :row5
designpark-sm12-02-s,SM12-02-S,Fitness (SMART SENIOR) ,Recumbent Twist,1045.0,55277.97,85043.03,2554.54,2197.28,2024-03-27 Design Park Pricelist D'Park Price List (USD-2024).xlsx:Fitness (SMART SENIOR) :row6
designpark-sm12-03-s,SM12-03-S,Fitness (SMART SENIOR) ,Twin Arm Warming Up,1465.0,77494.95,119223.0,3581.25,3080.4,2024-03-27 Design Park Pricelist D'Park Price List (USD-2024).xlsx:Fitness (SMART SENIOR) :row7
designpark-sm12-06-s,SM12-06-S,Fitness (SMART SENIOR) ,Upright Cycle,1255.0,66386.46,102133.02,3067.9,2638.84,2024-03-27 Design Park Pricelist D'Park Price List (USD-2024).xlsx:Fitness (SMART SENIOR) :row8
designpark-sm12-07-s,SM12-07-S,Fitness (SMART SENIOR) ,Recumbent Cycle,1640.0,86752.03,133464.66,4009.04,3448.36,2024-03-27 Design Park Pricelist D'Park Price List (USD-2024).xlsx:Fitness (SMART SENIOR) :row9
designpark-sm12-08-s,SM12-08-S,Fitness (SMART SENIOR) ,Hand Cycle,1860.0,98389.49,151368.45,4546.84,3910.95,2024-03-27 Design Park Pricelist D'Park Price List (USD-2024).xlsx:Fitness (SMART SENIOR) :row10
designpark-sm12-09-s,SM12-09-S,Fitness (SMART SENIOR) ,Rolling Waist,990.0,52368.6,80567.08,2420.09,2081.63,2024-03-27 Design Park Pricelist D'Park Price List (USD-2024).xlsx:Fitness (SMART SENIOR) :row11
designpark-sm12-10-s,SM12-10-S,Fitness (SMART SENIOR) ,Cross Country,1640.0,86752.03,133464.66,4009.04,3448.36,2024-03-27 Design Park Pricelist D'Park Price List (USD-2024).xlsx:Fitness (SMART SENIOR) :row12
designpark-sm12-11-s,SM12-11-S,Fitness (SMART SENIOR) ,Leg Press,1310.0,69295.83,106608.97,3202.35,2754.48,2024-03-27 Design Park Pricelist D'Park Price List (USD-2024).xlsx:Fitness (SMART SENIOR) :row13
designpark-sm12-12-s,SM12-12-S,Fitness (SMART SENIOR) ,Stretching Roller,1035.0,54748.99,84229.22,2530.1,2176.25,2024-03-27 Design Park Pricelist D'Park Price List (USD-2024).xlsx:Fitness (SMART SENIOR) :row14
designpark-sm12-13-s,SM12-13-S,Fitness (SMART SENIOR) ,Foot Massage,980.0,51839.63,79753.28,2395.65,2060.61,2024-03-27 Design Park Pricelist D'Park Price List (USD-2024).xlsx:Fitness (SMART SENIOR) :row15
designpark-sm12-14-s,SM12-14-S,Fitness (SMART SENIOR) ,Foot Massage (Wheelchair),1023.0,54114.22,83252.65,2500.76,2151.02,2024-03-27 Design Park Pricelist D'Park Price List (USD-2024).xlsx:Fitness (SMART SENIOR) :row16
designpark-sm12-15-s,SM12-15-S,Fitness (SMART SENIOR) ,Balancing,1175.0,62154.65,95622.54,2872.33,2470.62,2024-03-27 Design Park Pricelist D'Park Price List (USD-2024).xlsx:Fitness (SMART SENIOR) :row17
designpark-sm12-16-s,SM12-16-S,Fitness (SMART SENIOR) ,Wave Ring,880.0,46549.87,71615.18,2151.19,1850.34,2024-03-27 Design Park Pricelist D'Park Price List (USD-2024).xlsx:Fitness (SMART SENIOR) :row18
designpark-gtm13-01,GTM13-01,Speed Racers,Speed Racer,5940.0,314211.6,483402.46,14520.56,12489.79,2024-03-27 Design Park Pricelist D'Park Price List (USD-2024).xlsx:Speed Racers:row5
designpark-gtm14-02,GTM14-02,Speed Racers,Traffic Signal,10450.0,552779.67,850430.26,25545.43,21972.78,2024-03-27 Design Park Pricelist D'Park Price List (USD-2024).xlsx:Speed Racers:row6
designpark-bta12-01,BTA12-01,Play (Dry),Stone Age,25180.0,1331960.95,2049170.69,61553.48,52944.95,2024-03-27 Design Park Pricelist D'Park Price List (USD-2024).xlsx:Play (Dry):row5
designpark-bta12-02,BTA12-02,Play (Dry),Woods Cabin,23040.0,1218760.14,1875015.6,56322.17,48445.26,2024-03-27 Design Park Pricelist D'Park Price List (USD-2024).xlsx:Play (Dry):row6
designpark-bta12-03,BTA12-03,Play (Dry),Alice,26100.0,1380626.72,2124041.11,63802.45,54879.39,2024-03-27 Design Park Pricelist D'Park Price List (USD-2024).xlsx:Play (Dry):row7
designpark-bta12-05,BTA12-05,Play (Dry),Whale & Submarine,31200.0,1650404.36,2539083.63,76269.6,65602.95,2024-03-27 Design Park Pricelist D'Park Price List (USD-2024).xlsx:Play (Dry):row8
designpark-bta12-06,BTA12-06,Play (Dry),Gold Mine,36590.0,1935522.28,2977726.58,89445.66,76936.28,2024-03-27 Design Park Pricelist D'Park Price List (USD-2024).xlsx:Play (Dry):row9
designpark-bta12-07,BTA12-07,Play (Dry),Invasion of Earth,33980.0,1797459.63,2765322.51,83065.42,71448.35,2024-03-27 Design Park Pricelist D'Park Price List (USD-2024).xlsx:Play (Dry):row10
designpark-bta12-08,BTA12-08,Play (Dry),Apollo,68260.0,3610788.51,5555059.25,166864.2,143527.49,2024-03-27 Design Park Pricelist D'Park Price List (USD-2024).xlsx:Play (Dry):row11
designpark-bta12-09,BTA12-09,Play (Dry),Choo Choo,53380.0,2823672.58,4344111.66,130489.46,112239.93,2024-03-27 Design Park Pricelist D'Park Price List (USD-2024).xlsx:Play (Dry):row12
designpark-bta12-10,BTA12-10,Play (Dry),Dolmen Family,30430.0,1609673.22,2476420.34,74387.31,63983.91,2024-03-27 Design Park Pricelist D'Park Price List (USD-2024).xlsx:Play (Dry):row13
designpark-bta12-11,BTA12-11,Play (Dry),Travel with Alice,36800.0,1946630.78,2994816.58,89959.02,77377.84,2024-03-27 Design Park Pricelist D'Park Price List (USD-2024).xlsx:Play (Dry):row14
designpark-bta12-12,BTA12-12,Play (Dry),Marine Exploration,38410.0,2031795.88,3125839.82,93894.72,80763.12,2024-03-27 Design Park Pricelist D'Park Price List (USD-2024).xlsx:Play (Dry):row15
designpark-bta12-13,BTA12-13,Play (Dry),Band Music,28100.0,1486421.87,2286802.88,68691.53,59084.71,2024-03-27 Design Park Pricelist D'Park Price List (USD-2024).xlsx:Play (Dry):row16
designpark-bta12-14,BTA12-14,Play (Dry),Forest,32230.0,1704888.86,2622905.94,78787.47,67768.69,2024-03-27 Design Park Pricelist D'Park Price List (USD-2024).xlsx:Play (Dry):row17
designpark-boa12-01,BOA12-01,Play (Dry),Blue Sky Original,21910.0,1158985.89,1783055.22,53559.84,46069.25,2024-03-27 Design Park Pricelist D'Park Price List (USD-2024).xlsx:Play (Dry):row18
designpark-boa12-02,BOA12-02,Play (Dry),Blue Sky Original,19380.0,1025155.02,1577161.57,47375.16,40749.53,2024-03-27 Design Park Pricelist D'Park Price List (USD-2024).xlsx:Play (Dry):row19
designpark-boa12-03,BOA12-03,Play (Dry),Blue Sky Original,24640.0,1303396.26,2005225.02,60233.43,51809.51,2024-03-27 Design Park Pricelist D'Park Price List (USD-2024).xlsx:Play (Dry):row20
designpark-boa12-04,BOA12-04,Play (Dry),Blue Sky Original,26980.0,1427176.59,2195656.29,65953.65,56729.73,2024-03-27 Design Park Pricelist D'Park Price List (USD-2024).xlsx:Play (Dry):row21
designpark-boa12-05,BOA12-05,Play (Dry),Blue Sky Original,33930.0,1794814.74,2761253.45,82943.19,71343.21,2024-03-27 Design Park Pricelist D'Park Price List (USD-2024).xlsx:Play (Dry):row22
designpark-boa12-06,BOA12-06,Play (Dry),Blue Sky Original,28540.0,1509696.81,2322610.48,69767.13,60009.88,2024-03-27 Design Park Pricelist D'Park Price List (USD-2024).xlsx:Play (Dry):row23
designpark-boa12-07,BOA12-07,Play (Dry),Blue Sky Original,33690.0,1782119.33,2741722.05,82356.5,70838.58,2024-03-27 Design Park Pricelist D'Park Price List (USD-2024).xlsx:Play (Dry):row24
designpark-boa12-08,BOA12-08,Play (Dry),Blue Sky Original,35660.0,1886327.55,2902042.38,87172.24,74980.81,2024-03-27 Design Park Pricelist D'Park Price List (USD-2024).xlsx:Play (Dry):row25
designpark-boa12-09,BOA12-09,Play (Dry),Blue Sky Original,42780.0,2262958.28,3481474.28,104577.36,89951.74,2024-03-27 Design Park Pricelist D'Park Price List (USD-2024).xlsx:Play (Dry):row26
designpark-boa12-10,BOA12-10,Play (Dry),Blue Sky Original,56240.0,2974959.65,4576861.0,137480.84,118253.53,2024-03-27 Design Park Pricelist D'Park Price List (USD-2024).xlsx:Play (Dry):row27
designpark-boa12-11,BOA12-11,Play (Dry),Blue Sky Original,9870.0,522099.07,803229.34,24127.59,20753.24,2024-03-27 Design Park Pricelist D'Park Price List (USD-2024).xlsx:Play (Dry):row28
designpark-boa12-12,BOA12-12,Play (Dry),Blue Sky Original,12720.0,672857.15,1035164.85,31094.53,26745.82,2024-03-27 Design Park Pricelist D'Park Price List (USD-2024).xlsx:Play (Dry):row29
designpark-boa12-13,BOA12-13,Play (Dry),Blue Sky Original,13860.0,733160.39,1127939.06,33881.3,29142.85,2024-03-27 Design Park Pricelist D'Park Price List (USD-2024).xlsx:Play (Dry):row30
designpark-bka12-01,BKA12-01,Play (Dry),Blue Sky Kids,4640.0,245444.75,377607.31,11342.66,9756.34,2024-03-27 Design Park Pricelist D'Park Price List (USD-2024).xlsx:Play (Dry):row31
designpark-bka12-02,BKA12-02,Play (Dry),Blue Sky Kids,6750.0,357058.64,549320.98,16500.63,14192.95,2024-03-27 Design Park Pricelist D'Park Price List (USD-2024).xlsx:Play (Dry):row32
designpark-bka12-03,BKA12-03,Play (Dry),Blue Sky Kids,7300.0,386152.3,594080.46,17845.13,15349.41,2024-03-27 Design Park Pricelist D'Park Price List (USD-2024).xlsx:Play (Dry):row33
designpark-bka12-04,BKA12-04,Play (Dry),Blue Sky Kids,14470.0,765427.92,1177581.42,35372.47,30425.47,2024-03-27 Design Park Pricelist D'Park Price List (USD-2024).xlsx:Play (Dry):row34
designpark-bka12-05,BKA12-05,Play (Dry),Blue Sky Kids,11220.0,593510.8,913093.54,27427.72,23591.83,2024-03-27 Design Park Pricelist D'Park Price List (USD-2024).xlsx:Play (Dry):row35
designpark-bka12-06,BKA12-06,Play (Dry),Blue Sky Kids,12580.0,665451.5,1023771.54,30752.29,26451.45,2024-03-27 Design Park Pricelist D'Park Price List (USD-2024).xlsx:Play (Dry):row36
designpark-bka12-07,BKA12-07,Play (Dry),Blue Sky Kids,20420.0,1080168.49,1661797.68,49917.48,42936.29,2024-03-27 Design Park Pricelist D'Park Price List (USD-2024).xlsx:Play (Dry):row37
designpark-bka12-08,BKA12-08,Play (Dry),Blue Sky Kids,24370.0,1289113.92,1983252.18,59573.4,51241.79,2024-03-27 Design Park Pricelist D'Park Price List (USD-2024).xlsx:Play (Dry):row38
designpark-bka12-09,BKA12-09,Play (Dry),Blue Sky Kids,24230.0,1281708.25,1971858.85,59231.17,50947.42,2024-03-27 Design Park Pricelist D'Park Price List (USD-2024).xlsx:Play (Dry):row39
designpark-bka12-10,BKA12-10,Play (Dry),Blue Sky Kids,24700.0,1306570.12,2010107.88,60380.1,51935.67,2024-03-27 Design Park Pricelist D'Park Price List (USD-2024).xlsx:Play (Dry):row40
designpark-bta16-01,BTA16-01,Play (Dry),Cooking House,71350.0,3774242.02,5806526.18,174417.82,150024.71,2024-03-27 Design Park Pricelist D'Park Price List (USD-2024).xlsx:Play (Dry):row41
designpark-bta16-04,BTA16-04,Play (Dry),Squrrel,27060.0,1431408.4,2202166.77,66149.21,56897.95,2024-03-27 Design Park Pricelist D'Park Price List (USD-2024).xlsx:Play (Dry):row42
designpark-bta17-05,BTA17-05,Play (Dry),Apple and Hut,104260.0,5515101.24,8484771.14,254867.58,219223.21,2024-03-27 Design Park Pricelist D'Park Price List (USD-2024).xlsx:Play (Dry):row43
designpark-bta17-06,BTA17-06,Play (Dry),Children on the beach,116460.0,6160451.65,9477617.92,284690.95,244875.64,2024-03-27 Design Park Pricelist D'Park Price List (USD-2024).xlsx:Play (Dry):row44
designpark-bta17-07,BTA17-07,Play (Dry),Hunter's Hut,69380.0,3670033.8,5646205.85,169602.08,145882.47,2024-03-27 Design Park Pricelist D'Park Price List (USD-2024).xlsx:Play (Dry):row45
designpark-bta17-08,BTA17-08,Play (Dry),Flower Tree Shelter,47740.0,2525330.25,3885123.46,116702.27,100380.93,2024-03-27 Design Park Pricelist D'Park Price List (USD-2024).xlsx:Play (Dry):row46
designpark-bta17-10,BTA17-10,Play (Dry),Maya's Excursion,22480.0,1189137.49,1829442.29,54953.22,47267.77,2024-03-27 Design Park Pricelist D'Park Price List (USD-2024).xlsx:Play (Dry):row47
designpark-bta18-0101,BTA18-0101,Play (Dry),Giraffe Family,48440.0,2562358.55,3942090.08,118413.44,101852.79,2024-03-27 Design Park Pricelist D'Park Price List (USD-2024).xlsx:Play (Dry):row48
designpark-bta18-0103,BTA18-0103,Play (Dry),Baby Alligator In The Forest,46880.0,2479838.35,3815135.92,114599.96,98572.64,2024-03-27 Design Park Pricelist D'Park Price List (USD-2024).xlsx:Play (Dry):row49
designpark-bga15-01,BGA15-01,Play (GRC),Stone Age,228800.0,12102965.29,18619946.6,559310.4,481088.33,2024-03-27 Design Park Pricelist D'Park Price List (USD-2024).xlsx:Play (GRC):row5
designpark-bga15-05,BGA15-05,Play (GRC),Adventure Castle,226050.0,11957496.96,18396149.17,552587.92,475306.02,2024-03-27 Design Park Pricelist D'Park Price List (USD-2024).xlsx:Play (GRC):row6
designpark-bga15-06,BGA15-06,Play (GRC),Robinson Crusoe,147070.0,7779646.44,11968686.83,359518.27,309238.03,2024-03-27 Design Park Pricelist D'Park Price List (USD-2024).xlsx:Play (GRC):row7
designpark-bga15-07,BGA15-07,Play (GRC),Robin Hood,115280.0,6098032.52,9381588.49,281806.39,242394.51,2024-03-27 Design Park Pricelist D'Park Price List (USD-2024).xlsx:Play (GRC):row8
designpark-bga15-08,BGA15-08,Play (GRC),House Of Dwarf,94380.0,4992473.17,7680727.95,230715.54,198448.94,2024-03-27 Design Park Pricelist D'Park Price List (USD-2024).xlsx:Play (GRC):row9
designpark-sm12-2001,SM12-2001,Play (Aquatic),Fantasy World,29960.0,1584811.36,2438171.32,73238.37,62995.66,2024-03-27 Design Park Pricelist D'Park Price List (USD-2024).xlsx:Play (Aquatic):row5
designpark-sm12-2002,SM12-2002,Play (Aquatic),Fantasy World,54230.0,2868635.51,4413285.4,132567.32,114027.19,2024-03-27 Design Park Pricelist D'Park Price List (USD-2024).xlsx:Play (Aquatic):row6
designpark-sm12-2003,SM12-2003,Play (Aquatic),Fantasy World,69526.0,3677756.83,5658087.43,169958.98,146189.46,2024-03-27 Design Park Pricelist D'Park Price List (USD-2024).xlsx:Play (Aquatic):row7
designpark-sm12-2101,SM12-2101,Play (Aquatic),Jungle Adventure,45815.0,2423502.43,3728465.28,111996.53,96333.31,2024-03-27 Design Park Pricelist D'Park Price List (USD-2024).xlsx:Play (Aquatic):row8
designpark-sm12-2102,SM12-2102,Play (Aquatic),Jungle Adventure,63734.0,3371374.08,5186729.35,155800.21,134010.86,2024-03-27 Design Park Pricelist D'Park Price List (USD-2024).xlsx:Play (Aquatic):row9
designpark-sm12-2103,SM12-2103,Play (Aquatic),Jungle Adventure,72320.0,3825552.66,5885465.63,176789.02,152064.28,2024-03-27 Design Park Pricelist D'Park Price List (USD-2024).xlsx:Play (Aquatic):row10
designpark-sm12-2201,SM12-2201,Play (Aquatic),Animal Kingdom,37906.0,2005135.5,3084823.85,92662.68,79703.38,2024-03-27 Design Park Pricelist D'Park Price List (USD-2024).xlsx:Play (Aquatic):row11
designpark-sm12-2202,SM12-2202,Play (Aquatic),Animal Kingdom,55836.0,2953589.02,4543983.11,136493.25,117404.06,2024-03-27 Design Park Pricelist D'Park Price List (USD-2024).xlsx:Play (Aquatic):row12
designpark-sm12-2203,SM12-2203,Play (Aquatic),Animal Kingdom,74862.0,3960018.3,6092335.85,183003.04,157409.24,2024-03-27 Design Park Pricelist D'Park Price List (USD-2024).xlsx:Play (Aquatic):row13
designpark-sm12-2301,SM12-2301,Play (Aquatic),Under the Sea,47928.0,2535274.99,3900423.06,117161.84,100776.23,2024-03-27 Design Park Pricelist D'Park Price List (USD-2024).xlsx:Play (Aquatic):row14
designpark-sm12-2302,SM12-2302,Play (Aquatic),Under the Sea,77903.0,4120879.83,6339815.12,190436.88,163803.43,2024-03-27 Design Park Pricelist D'Park Price List (USD-2024).xlsx:Play (Aquatic):row15
designpark-sm12-2303,SM12-2303,Play (Aquatic),Under the Sea,105050.0,5556890.31,8549062.02,256798.77,220884.31,2024-03-27 Design Park Pricelist D'Park Price List (USD-2024).xlsx:Play (Aquatic):row16
designpark-sm12-3101,SM12-3101,Play (Aquatic),Treasure Expedition,128150.0,6778824.31,10428960.48,313267.6,269455.72,2024-03-27 Design Park Pricelist D'Park Price List (USD-2024).xlsx:Play (Aquatic):row17
designpark-sm12-3110,SM12-3110,Play (Aquatic),Boat,141746.0,7498019.75,11535415.0,346503.55,298043.47,2024-03-27 Design Park Pricelist D'Park Price List (USD-2024).xlsx:Play (Aquatic):row18
designpark-sm12-3111,SM12-3111,Play (Aquatic),Dream Car,60742.0,3213104.53,4943237.74,148486.16,127719.7,2024-03-27 Design Park Pricelist D'Park Price List (USD-2024).xlsx:Play (Aquatic):row19
designpark-sm12-3112,SM12-3112,Play (Aquatic),Amazon,79747.0,4218422.96,6489881.48,194944.61,167680.73,2024-03-27 Design Park Pricelist D'Park Price List (USD-2024).xlsx:Play (Aquatic):row20
designpark-sm12-3113,SM12-3113,Play (Aquatic),Santorini,62188.0,3289594.43,5060914.51,152020.96,130760.15,2024-03-27 Design Park Pricelist D'Park Price List (USD-2024).xlsx:Play (Aquatic):row21
designpark-sdm12-b101,SDM12-B101,Play (Aquatic),Cat Tail,3300.0,174562.0,268556.92,8066.98,6938.77,2024-03-27 Design Park Pricelist D'Park Price List (USD-2024).xlsx:Play (Aquatic):row22
designpark-sdm12-b102,SDM12-B102,Play (Aquatic),Cat Tail,2970.0,157105.8,241701.23,7260.28,6244.9,2024-03-27 Design Park Pricelist D'Park Price List (USD-2024).xlsx:Play (Aquatic):row23
designpark-sdm12-241,SDM12-241,Play (Aquatic),Water Tunnel,2530.0,133830.87,205893.65,6184.68,5319.73,2024-03-27 Design Park Pricelist D'Park Price List (USD-2024).xlsx:Play (Aquatic):row24
designpark-sdm12-261,SDM12-261,Play (Aquatic),Water Spray,3036.0,160597.04,247072.37,7421.62,6383.67,2024-03-27 Design Park Pricelist D'Park Price List (USD-2024).xlsx:Play (Aquatic):row25
designpark-sdm12-248,SDM12-248,Play (Aquatic),Water Arch,2090.0,110555.93,170086.05,5109.09,4394.56,2024-03-27 Design Park Pricelist D'Park Price List (USD-2024).xlsx:Play (Aquatic):row26
designpark-sdm12-b112,SDM12-B112,Play (Aquatic),Water Flower,4455.0,235658.7,362551.85,10890.42,9367.35,2024-03-27 Design Park Pricelist D'Park Price List (USD-2024).xlsx:Play (Aquatic):row27
designpark-sdm12-b113-a,SDM12-B113-A,Play (Aquatic),Palm Bucket,5610.0,296755.39,456546.75,13713.86,11795.92,2024-03-27 Design Park Pricelist D'Park Price List (USD-2024).xlsx:Play (Aquatic):row28
designpark-sdm12-b113-b,SDM12-B113-B,Play (Aquatic),Flower Bucket,6050.0,320030.33,492354.35,14789.46,12721.09,2024-03-27 Design Park Pricelist D'Park Price List (USD-2024).xlsx:Play (Aquatic):row29
designpark-sdm12-262,SDM12-262,Play (Aquatic),Water Shower-Sun,2873.0,151974.73,233807.28,7023.16,6040.94,2024-03-27 Design Park Pricelist D'Park Price List (USD-2024).xlsx:Play (Aquatic):row30
designpark-sdm12-263,SDM12-263,Play (Aquatic),Water Shower-Cloud,2873.0,151974.73,233807.28,7023.16,6040.94,2024-03-27 Design Park Pricelist D'Park Price List (USD-2024).xlsx:Play (Aquatic):row31
designpark-sdm12-264,SDM12-264,Play (Aquatic),Water Revolution,5515.0,291730.13,448815.58,13481.63,11596.16,2024-03-27 Design Park Pricelist D'Park Price List (USD-2024).xlsx:Play (Aquatic):row32
designpark-sdm12-b117,SDM12-B117,Play (Aquatic),Dog Bench,2640.0,139649.61,214845.55,6453.58,5551.02,2024-03-27 Design Park Pricelist D'Park Price List (USD-2024).xlsx:Play (Aquatic):row33
designpark-sdm12-b118,SDM12-B118,Play (Aquatic),Giraffe Bench,5214.0,275807.96,424319.94,12745.82,10963.26,2024-03-27 Design Park Pricelist D'Park Price List (USD-2024).xlsx:Play (Aquatic):row34
designpark-sdm12-b119-a,SDM12-B119-A,Play (Aquatic),Parrot Optical Illusion,4188.0,221535.05,340823.15,10237.73,8805.94,2024-03-27 Design Park Pricelist D'Park Price List (USD-2024).xlsx:Play (Aquatic):row35
designpark-sdm12-b119-b,SDM12-B119-B,Play (Aquatic),Alligator Optical Illusion,4188.0,221535.05,340823.15,10237.73,8805.94,2024-03-27 Design Park Pricelist D'Park Price List (USD-2024).xlsx:Play (Aquatic):row36
designpark-sdm12-b119-c,SDM12-B119-C,Play (Aquatic),Turtle Optical Illusion,4188.0,221535.05,340823.15,10237.73,8805.94,2024-03-27 Design Park Pricelist D'Park Price List (USD-2024).xlsx:Play (Aquatic):row37
designpark-sdm12-b120,SDM12-B120,Play (Aquatic),Water Shower -Bamboo,2673.0,141395.22,217531.11,6534.25,5620.41,2024-03-27 Design Park Pricelist D'Park Price List (USD-2024).xlsx:Play (Aquatic):row38
designpark-sdm12-b121,SDM12-B121,Play (Aquatic),Water Shower -Bamboo,2145.0,113465.29,174561.98,5243.53,4510.2,2024-03-27 Design Park Pricelist D'Park Price List (USD-2024).xlsx:Play (Aquatic):row39
designpark-sdm12-b122,SDM12-B122,Play (Aquatic),Sail Boat,7700.0,407311.34,626632.83,18822.95,16190.47,2024-03-27 Design Park Pricelist D'Park Price List (USD-2024).xlsx:Play (Aquatic):row40
designpark-sdm12-b123,SDM12-B123,Play (Aquatic),Sail Boat,6930.0,366580.19,563969.52,16940.65,14571.43,2024-03-27 Design Park Pricelist D'Park Price List (USD-2024).xlsx:Play (Aquatic):row41
designpark-sdm12-221,SDM12-221,Play (Aquatic),Water Drop,6930.0,366580.19,563969.52,16940.65,14571.43,2024-03-27 Design Park Pricelist D'Park Price List (USD-2024).xlsx:Play (Aquatic):row42
designpark-sdm12-250,SDM12-250 🆕,Play (Aquatic),Water Gun,3267.0,172816.37,265871.34,7986.31,6869.39,2024-03-27 Design Park Pricelist D'Park Price List (USD-2024).xlsx:Play (Aquatic):row43
designpark-sdm12-271,SDM12-271🆕,Play (Aquatic),Leaf Fountain,3735.0,197572.44,303957.6,9130.35,7853.43,2024-03-27 Design Park Pricelist D'Park Price List (USD-2024).xlsx:Play (Aquatic):row44
designpark-mem18-011,MEM18-011🆕,Play (Aquatic),Water Seesaw B,3378.0,178688.01,274904.63,8257.65,7102.78,2024-03-27 Design Park Pricelist D'Park Price List (USD-2024).xlsx:Play (Aquatic):row45
designpark-sdm12-300-a,SDM12-300-A,Play (Aquatic),Tripping Bucket,19602.0,1036898.28,1595228.12,47917.84,41216.32,2024-03-27 Design Park Pricelist D'Park Price List (USD-2024).xlsx:Play (Aquatic):row46
designpark-sdm12-300-b,SDM12-300-B,Play (Aquatic),Tripping Bucket,19602.0,1036898.28,1595228.12,47917.84,41216.32,2024-03-27 Design Park Pricelist D'Park Price List (USD-2024).xlsx:Play (Aquatic):row47
designpark-sdm12-300-c,SDM12-300-C,Play (Aquatic),Tripping Bucket,19602.0,1036898.28,1595228.12,47917.84,41216.32,2024-03-27 Design Park Pricelist D'Park Price List (USD-2024).xlsx:Play (Aquatic):row48
designpark-dp-theme-star,DP-THEME-star,Themes (1),STAR,0.0,,,,,2023 Theme dry&waterplay list in 2022_Designpark_240313.xlsx:row3
designpark-dp-theme-art,DP-THEME-art,Themes (2),ART,0.0,,,,,2023 Theme dry&waterplay list in 2022_Designpark_240313.xlsx:row4
designpark-dp-theme-animak,DP-THEME-animak,Themes (3),ANIMAK,0.0,,,,,2023 Theme dry&waterplay list in 2022_Designpark_240313.xlsx:row5
designpark-dp-theme-nature,DP-THEME-nature,Themes (4),NATURE,0.0,,,,,2023 Theme dry&waterplay list in 2022_Designpark_240313.xlsx:row6
designpark-dp-theme-nature,DP-THEME-nature,Themes (5),NATURE,0.0,,,,,2023 Theme dry&waterplay list in 2022_Designpark_240313.xlsx:row7
designpark-dp-theme-animal,DP-THEME-animal,Themes (6),ANIMAL,0.0,,,,,2023 Theme dry&waterplay list in 2022_Designpark_240313.xlsx:row8
designpark-dp-theme-cloud,DP-THEME-cloud,Themes (7),CLOUD,0.0,,,,,2023 Theme dry&waterplay list in 2022_Designpark_240313.xlsx:row9
designpark-dp-theme-etc,DP-THEME-etc,Themes (8),ETC,0.0,,,,,2023 Theme dry&waterplay list in 2022_Designpark_240313.xlsx:row10
designpark-dp-theme-etc,DP-THEME-etc,Themes (9),ETC,0.0,,,,,2023 Theme dry&waterplay list in 2022_Designpark_240313.xlsx:row11
designpark-dp-theme-animal,DP-THEME-animal,Themes (10),ANIMAL,0.0,,,,,2023 Theme dry&waterplay list in 2022_Designpark_240313.xlsx:row12
designpark-dp-theme-nature,DP-THEME-nature,Themes (11),NATURE,0.0,,,,,2023 Theme dry&waterplay list in 2022_Designpark_240313.xlsx:row13
designpark-dp-theme-fairy-tale,DP-THEME-fairy-tale,Themes (12),FAIRY TALE,0.0,,,,,2023 Theme dry&waterplay list in 2022_Designpark_240313.xlsx:row14
designpark-dp-theme-sea,DP-THEME-sea,Themes (13),SEA,0.0,,,,,2023 Theme dry&waterplay list in 2022_Designpark_240313.xlsx:row15
designpark-dp-theme-house,DP-THEME-house,Themes (14),HOUSE,0.0,,,,,2023 Theme dry&waterplay list in 2022_Designpark_240313.xlsx:row16
designpark-dp-theme-sea,DP-THEME-sea,Themes (15),SEA,0.0,,,,,2023 Theme dry&waterplay list in 2022_Designpark_240313.xlsx:row17
designpark-dp-theme-sea,DP-THEME-sea,Themes (16),SEA,0.0,,,,,2023 Theme dry&waterplay list in 2022_Designpark_240313.xlsx:row18
designpark-dp-theme-animal,DP-THEME-animal,Themes (17),ANIMAL,0.0,,,,,2023 Theme dry&waterplay list in 2022_Designpark_240313.xlsx:row19
designpark-dp-theme-etc,DP-THEME-etc,Themes (18),ETC,0.0,,,,,2023 Theme dry&waterplay list in 2022_Designpark_240313.xlsx:row20
designpark-dp-theme-sky,DP-THEME-sky,Themes (19),SKY,0.0,,,,,2023 Theme dry&waterplay list in 2022_Designpark_240313.xlsx:row21
designpark-dp-theme-tower,DP-THEME-tower,Themes (20),TOWER,0.0,,,,,2023 Theme dry&waterplay list in 2022_Designpark_240313.xlsx:row22
designpark-dp-theme-animal,DP-THEME-animal,Themes (21),ANIMAL,0.0,,,,,2023 Theme dry&waterplay list in 2022_Designpark_240313.xlsx:row23
designpark-dp-theme-nature,DP-THEME-nature,Themes (22),NATURE,0.0,,,,,2023 Theme dry&waterplay list in 2022_Designpark_240313.xlsx:row24
designpark-dp-theme-fairy-tale,DP-THEME-fairy-tale,Themes (23),FAIRY TALE,0.0,,,,,2023 Theme dry&waterplay list in 2022_Designpark_240313.xlsx:row25
designpark-dp-theme-cloud,DP-THEME-cloud,Themes (24),CLOUD,0.0,,,,,2023 Theme dry&waterplay list in 2022_Designpark_240313.xlsx:row26
designpark-dp-theme-animal,DP-THEME-animal,Themes (25),ANIMAL,0.0,,,,,2023 Theme dry&waterplay list in 2022_Designpark_240313.xlsx:row27
designpark-dp-theme-etc,DP-THEME-etc,Themes (26),ETC,0.0,,,,,2023 Theme dry&waterplay list in 2022_Designpark_240313.xlsx:row28
designpark-dp-theme-etc,DP-THEME-etc,Themes (27),ETC,0.0,,,,,2023 Theme dry&waterplay list in 2022_Designpark_240313.xlsx:row29
designpark-dp-theme-star,DP-THEME-star,Themes (28),STAR,0.0,,,,,2023 Theme dry&waterplay list in 2022_Designpark_240313.xlsx:row30
designpark-dp-theme-animal,DP-THEME-animal,Themes (29),ANIMAL,0.0,,,,,2023 Theme dry&waterplay list in 2022_Designpark_240313.xlsx:row31
designpark-dp-theme-nature,DP-THEME-nature,Themes (30),NATURE,0.0,,,,,2023 Theme dry&waterplay list in 2022_Designpark_240313.xlsx:row32
designpark-dp-theme-etc,DP-THEME-etc,Themes (31),ETC,0.0,,,,,2023 Theme dry&waterplay list in 2022_Designpark_240313.xlsx:row33
designpark-dp-theme-animal,DP-THEME-animal,Themes (32),ANIMAL,0.0,,,,,2023 Theme dry&waterplay list in 2022_Designpark_240313.xlsx:row34
designpark-dp-theme-animal,DP-THEME-animal,Themes (33),ANIMAL,0.0,,,,,2023 Theme dry&waterplay list in 2022_Designpark_240313.xlsx:row35
